{"cameraMode":{"drawMode":0,"name":"Shaded","section":"Shading Mode"},"sceneLighting":false,"audioPlay":false,"sceneViewState":{"m_AlwaysRefresh":false,"showFog":true,"showSkybox":false,"showFlares":true,"showImageEffects":true,"showParticleSystems":true,"showVisualEffectGraphs":true,"m_FxEnabled":true},"in2DMode":false,"pivot":{"x":-0.029196977615356447,"y":0.2603049576282501,"z":0.26345089077949526},"rotation":{"x":-0.05980676785111427,"y":0.6884372234344482,"z":-0.05713960900902748,"w":-0.7205661535263062},"size":1.0792253017425538,"orthographic":false}