{"cameraMode":{"drawMode":0,"name":"Shaded","section":"Shading Mode"},"sceneLighting":false,"audioPlay":false,"sceneViewState":{"m_AlwaysRefresh":false,"showFog":true,"showSkybox":false,"showFlares":true,"showImageEffects":true,"showParticleSystems":true,"showVisualEffectGraphs":true,"m_FxEnabled":true},"in2DMode":false,"pivot":{"x":14.588305473327637,"y":1.0231467485427857,"z":16.033061981201173},"rotation":{"x":0.02430606260895729,"y":-0.000004734333288070047,"z":0.000014330054909805767,"w":0.999686598777771},"size":10.614703178405762,"orthographic":false}