{"cameraMode":{"drawMode":0,"name":"Shaded","section":"Shading Mode"},"sceneLighting":false,"audioPlay":false,"sceneViewState":{"m_AlwaysRefresh":false,"showFog":true,"showSkybox":false,"showFlares":true,"showImageEffects":true,"showParticleSystems":true,"showVisualEffectGraphs":true,"m_FxEnabled":true},"in2DMode":false,"pivot":{"x":13.279796600341797,"y":104.38662719726563,"z":0.9030227661132813},"rotation":{"x":-0.3989744484424591,"y":-0.033012643456459048,"z":-0.014351923018693924,"w":0.9162260890007019},"size":74.63384246826172,"orthographic":false}