{"cameraMode":{"drawMode":0,"name":"Shaded","section":"Shading Mode"},"sceneLighting":false,"audioPlay":false,"sceneViewState":{"m_AlwaysRefresh":false,"showFog":true,"showSkybox":false,"showFlares":true,"showImageEffects":true,"showParticleSystems":true,"showVisualEffectGraphs":true,"m_FxEnabled":true},"in2DMode":false,"pivot":{"x":3.0258193016052248,"y":0.6342617273330689,"z":-1.4034453630447388},"rotation":{"x":-0.051227983087301257,"y":0.6879827976226807,"z":-0.04879768565297127,"w":-0.7222594618797302},"size":0.8660253882408142,"orthographic":false}